Species_name,Lat,Lon
Fagus_grandifolia,44.026496,-71.32276
Tsuga_canadensis,44.026572,-71.322834
Acer_pensylvanicum,44.026496,-71.322738
Picea_rubens,44.026608,-71.322868
Picea_rubens,44.026572,-71.322757
Acer_pensylvanicum,44.026605,-71.322865
Acer_rubrum,44.026611,-71.322722
Fagus_grandifolia,44.027035,-71.322506
Acer_saccharum,44.027042,-71.322527
Ostrya_virginiana,44.027092,-71.322516
Ostrya_virginiana,44.027449,-71.323003
Fagus_grandifolia,44.027418,-71.322999
Picea_rubens,44.027382,-71.323007
Cornus_alternifolia,44.05491,-71.270308
Viburnum_lantanoides,44.027382,-71.322641
Fraxinus_americana,44.054113,-71.270418
Fraxinus_americana,44.054192,-71.270088
Acer_rubrum,44.054217,-71.270128
Acer_pensylvanicum,44.054221,-71.270139
Tsuga_canadensis,44.054735,-71.269979
Hamamelis_virginiana,44.054714,-71.269995
Acer_rubrum,44.054685,-71.269978
Acer_spicatum,44.055205,-71.270238
Hamamelis_virginiana,44.055155,-71.270329
Hamamelis_virginiana,44.055039,-71.27045
Tsuga_canadensis,44.055038,-71.270516
Fagus_grandifolia,44.054997,-71.270497
Acer_rubrum,44.055024,-71.270591
Acer_saccharum,44.0551,-71.270569
Acer_pensylvanicum,44.055196,-71.270088
Fagus_grandifolia,44.055173,-71.270127
Acer_pensylvanicum,44.055232,-71.270196
Acer_rubrum,44.055197,-71.270231
Tsuga_canadensis,44.05521,-71.270271
Viburnum_lantanoides,44.055125,-71.270279
Fraxinus_americana,44.055132,-71.270333
Acer_saccharum,44.055088,-71.270386
Viburnum_lantanoides,44.055042,-71.270279
Acer_spicatum,44.035402,-71.276694
Viburnum_lantanoides,44.035268,-71.27701
Acer_saccharum,44.0353,-71.277023
Acer_pensylvanicum,44.035348,-71.277022
Hamamelis_virginiana,44.035307,-71.276987
Fagus_grandifolia,44.03538,-71.277011
Acer_spicatum,44.035367,-71.276909
Acer_spicatum,44.035395,-71.276866
Fraxinus_americana,44.035423,-71.276807
Fraxinus_americana,44.03548,-71.276686
Acer_rubrum,44.035629,-71.276319
Picea_rubens,44.03547,-71.27624
Tsuga_canadensis,44.035482,-71.276247
Viburnum_lantanoides,44.03561,-71.276359
Picea_rubens,44.03536,-71.276758
Acer_rubrum,44.041076,-71.275785
Acer_saccharum,44.04108,-71.275721
Acer_pensylvanicum,44.040985,-71.27575
Fraxinus_americana,44.040977,-71.275769
Cornus_alternifolia,44.035411,-71.276973
Fraxinus_americana,44.035483,-71.277157
Acer_spicatum,44.035472,-71.277149
Cornus_alternifolia,44.036181,-71.276724
Fagus_grandifolia,44.036182,-71.276672
Acer_saccharum,44.036182,-71.276672
Acer_rubrum,44.056082,-71.270044
Tsuga_canadensis,44.056039,-71.270073
Acer_saccharum,44.055938,-71.269913
Hamamelis_virginiana,44.006595,-71.277819
Amelanchier_bartramiana,44.007872,-71.276828
Amelanchier_bartramiana,44.007879,-71.276768
Amelanchier_bartramiana,44.007859,-71.276422
Acer_rubrum,44.006265,-71.277696
Ostrya_virginiana,44.117631,-71.249704
Ostrya_virginiana,44.119978,-71.252114
Ostrya_virginiana,44.119821,-71.251952
Acer_spicatum,44.132903,-71.26192
Ilex_verticillata,44.004551,-71.277762
Ilex_verticillata,44.006558,-71.277912
Ilex_verticillata,44.006828,-71.277789
Acer_saccharum,44.023824,-71.492204
Pinus_strobus,44.054692,-71.269991
Betula_populifolia,44.054684,-71.26993
Abies_balsamea,44.035547,-71.276357
Prunus_serotina,44.041055,-71.275735
Betula_alleghaniensis,44.027549,-71.32225
Ostrya_virginiana,44.027659,-71.322505
Betula_papyrifera,44.027668,-71.322393
Prunus_pensylvanica,44.055896,-71.270048
Populus_tremuloides,44.055967,-71.270065
Betula_papyrifera,44.056112,-71.270092
Taxus_canadensis,44.02657,-71.3228
Corylus_americana,44.02657,-71.3228
Rubus_odoratus,44.12179,-71.21355
Spiraea_alba,44.12179,-71.21355
Rhus_hirta,44.12179,-71.21355
Quercus_rubra,44.12179,-71.21355
Tilia_americana,44.00242,-71.27781
Diervilla_lonicera,44.0309,-71.26331
Aralia_nudicaulis,44.0309,-71.26331
Sorbus_americana,44.0309,-71.26331
Aralia_racemosa,44.04426,-71.27705
Myrica_gale,44.01744,-71.45205
Aronia_melanocarpa,44.01744,-71.45205
Chamaedaphne_calyculata,44.01744,-71.45205
Gaylussacia_baccata,44.01744,-71.45205
Vaccinium_angustifolium,44.01744,-71.45205
Vaccinium_corymbosum,44.01744,-71.45205
Viburnum_nudum,44.01744,-71.45205
Vaccinium_myrtilloides,44.01744,-71.45205
Picea_mariana,44.01744,-71.45205
Larix_laricina,43.99598,-71.35033
Alnus_viridis,44.12179,-71.21355
Rhododendron_groenlandicum,44.01744,-71.45205
Kalmia_polifolia,44.01744,-71.45205
Ilex_mucronata,44.01744,-71.45205
Rhododendron_canadense,44.01744,-71.45205
Viburnum_nudum,44.01744,-71.45205
Viburnum_nudum,44.01744,-71.45205
Ilex_verticillata,44.00242,-71.27781
Alnus_viridis,44.00242,-71.27781
Epigaea_repens,44.00242,-71.27781
Cornus_sericea,44.00242,-71.27781
Viburnum_nudum,44.00242,-71.27781
Comptonia_peregrina,44.00242,-71.27781
Salix_,44.00242,-71.27781
Populus_balsamifera,44.00242,-71.27781
Ulmus_rubra,44.00242,-71.27781
Alnus_incana,44.00242,-71.27781
Betula_nigra,44.00242,-71.27781
Thuja_occidentalis,44.00834,-71.50624
Vaccinium_uliginosum,44.29363,-71.27683
Amelanchier_arborea,44.007509,-71.277094
Robinia_pseudoacacia,44.007509,-71.277094
Aronia_melanocarpa,44.00242,-71.27781
Vaccinium_cespitosum,44.02362,-71.49194
Pinus_resinosa,44.02362,-71.49194
Cornus_alternifolia,44.02362,-71.49194
Abies_balsamea,44.02362,-71.49194
