Species_name,Lat,Lon
Cornus_florida,35.058832,-83.430586
Carpinus_caroliniana,35.058832,-83.430586
Pyrularia_pubera,35.058698,-83.43036
Tsuga_canadensis,35.058465,-83.430749
Carpinus_caroliniana,35.058482,-83.430832
Acer_pensylvanicum,35.05878,-83.430588
Hamamelis_virginiana,35.05818,-83.430977
Pyrularia_pubera,35.058832,-83.430586
Magnolia_fraseri,35.055485,-83.43084
Acer_pensylvanicum,35.055468,-83.430833
Cornus_florida,35.055378,-83.430965
Carpinus_caroliniana,35.055319,-83.430915
Tsuga_canadensis,35.05526,-83.430941
Hamamelis_virginiana,35.055131,-83.431019
Magnolia_fraseri,35.055172,-83.430844
Acer_pensylvanicum,35.055374,-83.43114
Castanea_dentata,35.055165,-83.430786
Acer_rubrum,35.058408,-83.43094
Amelanchier_arborea,35.058288,-83.430937
Magnolia_acuminata,35.058409,-83.430713
Fagus_grandifolia,35.058716,-83.430704
Fagus_grandifolia,35.058813,-83.430623
Acer_rubrum,35.03069,-83.459559
Tsuga_canadensis,35.030679,-83.459614
Castanea_dentata,35.030679,-83.459614
Acer_pensylvanicum,35.030677,-83.459707
Amelanchier_arborea,35.030633,-83.459419
Acer_pensylvanicum,35.030628,-83.459444
Castanea_dentata,35.030632,-83.459405
Amelanchier_arborea,35.030776,-83.459546
Castanea_dentata,35.042285,-83.452564
Hamamelis_virginiana,35.042247,-83.452525
Acer_pensylvanicum,35.042317,-83.452537
Nyssa_sylvatica,35.042261,-83.452515
Magnolia_fraseri,35.042429,-83.452649
Castanea_dentata,35.041138,-83.452244
Cornus_florida,35.041052,-83.452183
Sassafras_albidum,35.041116,-83.452251
Nyssa_sylvatica,35.041054,-83.452254
Sassafras_albidum,35.041,-83.452631
Magnolia_fraseri,35.040931,-83.452695
Castanea_dentata,35.04102,-83.452609
Sassafras_albidum,35.040992,-83.45257
Acer_rubrum,35.05477,-83.43104
Cornus_florida,35.05477,-83.43104
Carya_glabra,35.054769,-83.431028
Fagus_grandifolia,35.05477,-83.43104
Hamamelis_virginiana,35.05477,-83.43104
Nyssa_sylvatica,35.05477,-83.43104
Magnolia_acuminata,35.05477,-83.43104
Magnolia_fraseri,35.05477,-83.43104
Magnolia_acuminata,35.055435,-83.431275
Diospyros_virginiana,35.055114,-83.430941
Ostrya_virginiana,35.057968,-83.464793
Acer_saccharum,35.057988,-83.464728
Hamamelis_virginiana,35.057998,-83.464781
Acer_rubrum,35.058019,-83.464824
Castanea_dentata,35.058006,-83.464814
Ostrya_virginiana,35.058024,-83.464814
Aesculus_flava,35.058014,-83.464848
Liriodendron_tulipifera,35.058022,-83.46487
Sassafras_albidum,35.058004,-83.464919
Cornus_alternifolia,35.058122,-83.465172
Acer_saccharum,35.058202,-83.46524
Cornus_alternifolia,35.058204,-83.465201
Acer_pensylvanicum,35.058163,-83.465173
Acer_pensylvanicum,35.058209,-83.465279
Liriodendron_tulipifera,35.058198,-83.465129
Castanea_dentata,35.058131,-83.465127
Cornus_alternifolia,35.05801,-83.464991
Magnolia_acuminata,35.058017,-83.465051
Acer_rubrum,35.058094,-83.464946
Acer_saccharum,35.058118,-83.464876
Aesculus_flava,35.058358,-83.464759
Magnolia_fraseri,35.057975,-83.46492
Aesculus_flava,35.058116,-83.464808
Magnolia_acuminata,35.058042,-83.464717
Carya_ovata,35.061125,-83.460024
Carya_ovata,35.060968,-83.459962
Nyssa_sylvatica,35.06096,-83.459925
Hamamelis_virginiana,35.060888,-83.459808
Acer_saccharum,35.060842,-83.459733
Castanea_dentata,35.060872,-83.459653
Acer_rubrum,35.061273,-83.460087
Sassafras_albidum,35.06134,-83.460213
Nyssa_sylvatica,35.061375,-83.460248
Nyssa_sylvatica,35.061375,-83.460248
Magnolia_fraseri,35.061431,-83.46015
Castanea_dentata,35.061372,-83.460167
Acer_pensylvanicum,35.061306,-83.460273
Sassafras_albidum,35.060872,-83.459797
Symplocos_tinctoria,35.060872,-83.459797
Symplocos_tinctoria,35.060872,-83.459797
Symplocos_tinctoria,35.060872,-83.459797
Symplocos_tinctoria,35.060872,-83.459797
Clethra_acuminata,35.060872,-83.459797
Acer_spicatum,35.060872,-83.459797
Acer_spicatum,35.060872,-83.459797
Acer_spicatum,35.060872,-83.459797
Castanea_pumila,35.060872,-83.459797
Castanea_pumila,35.060872,-83.459797
Castanea_pumila,35.060872,-83.459797
Diospyros_virginiana,35.060872,-83.459797
Parthenocissus_quinquefolia,35.05548,-83.43246
Hydrangea_arborescens,35.05547,-83.43227
Quercus_coccinea,35.05547,-83.43227
Quercus_rubra,35.05524,-83.4299
Cornus_florida,35.05523,-83.42987
Acer_pensylvanicum,35.05538,-83.43031
Castanea_pumila,35.05523,-83.43076
Calycanthus_floridus,35.05523,-83.43076
Hamamelis_virginiana,35.05507,-83.43105
Pyrularia_pubera,35.05507,-83.43105
Aralia_racemosa,35.0551,-83.429
Platanus_occidentalis,35.060105,-83.43156
Platanus_occidentalis,35.060105,-83.43156
Fagus_grandifolia,35.060105,-83.43156
Lindera_benzoin,35.060105,-83.43156
Kalmia_latifolia,35.060105,-83.43156
Quercus_falcata,35.060105,-83.43156
Juglans_nigra,35.060105,-83.43156
Betula_lenta,35.060105,-83.43156
Oxydendrum_arboreum,35.060105,-83.43156
Quercus_montana,35.060105,-83.43156
Xanthorhiza_simplicissima,35.05818,-83.43098
Acer_spicatum,35.03046,-83.45694
Clethra_acuminata,35.03454,-83.45331
Vitis_,35.03454,-83.45331
Rhododendron_calendulaceum,35.03034,-83.46199
Rubus_odoratus,35.03661,-83.45479
Rubus_odoratus,35.03661,-83.45479
Tilia_americana,35.03661,-83.45479
Castanea_dentata,35.03661,-83.45479
Leucothoe_axillaris,35.06092,-83.4316
Fraxinus_americana,35.06092,-83.4316
Rhus_copallinum,35.06092,-83.4316
Cladrastis_kentukea,35.06092,-83.4316
Populus_nigra,35.06092,-83.4316
Rhus_glabra,35.06092,-83.4316
Ilex_opaca,35.06092,-83.4316
Halesia_diptera,35.06092,-83.4316
Aralia_spinosa,35.05313,-83.43617
Aralia_spinosa,35.05313,-83.43617
Rhododendron_catawbiense,35.02308,-83.45898
Menziesia_pilosa,35.02824,-83.45991
Diervilla_sessilifolia,35.047,-83.44118
Diospyros_virginiana,35.02635,-83.44118
Diospyros_virginiana,35.02635,-83.44118
Ceanothus_americanus,35.047,-83.44118
Vaccinium_corymbosum,35.02635,-83.44418
Prunus_serotina,35.02856,-83.44278
Robinia_pseudoacacia,35.02856,-83.44278
Rhododendron_maximum,35.06026,-83.42784
Ilex_montana,35.05259,-83.47751
Prunus_pensylvanica,35.05259,-83.47751
Crataegus_flabellata,35.02087,-83.44858
Viburnum_cassinoides,35.02754,-83.45915
Sorbus_americana,35.02754,-83.45915
Quercus_alba,35.02087,-83.44858
Betula_alleghaniensis,35.0213,-83.43779
Juglans_cinerea,35.06098,-83.4635
Euonymus_americanus,35.06028,-83.4282
Carya_tomentosa,35.06052,-83.43131
Quercus_velutina,35.0667,-83.46707
Rubus_canadensis,35.02879,-83.44288
Vaccinium_stamineum,35.02879,-83.44288
Vaccinium_corymbosum,35.02879,-83.44288
Gaylussacia_baccata,35.02879,-83.44288
Gaylussacia_ursina,35.02879,-83.44288
Pinus_rigida,35.06036,-83.42839
