Species_name,Lat,Lon
Hamamelis_virginiana,42.54035,-72.17522
Tsuga_canadensis,42.54035,-72.17522
Ilex_verticillata,42.54035,-72.17522
Lyonia_ligustrina,42.54035,-72.17522
Lyonia_ligustrina,42.54035,-72.17522
Lyonia_ligustrina,42.54035,-72.17522
Ilex_verticillata,42.54035,-72.17522
Hamamelis_virginiana,42.54035,-72.17522
Ilex_verticillata,42.527532,-72.181424
Tsuga_canadensis,42.52774,-72.181615
Acer_rubrum,42.527804,-72.181431
Fagus_grandifolia,42.527659,-72.181474
Acer_rubrum,42.527561,-72.181285
Acer_rubrum,42.527561,-72.181285
Fraxinus_americana,42.527321,-72.181823
Acer_saccharum,42.527344,-72.181995
Castanea_dentata,42.527299,-72.18201
Tsuga_canadensis,42.527385,-72.18206
Quercus_rubra,42.52755,-72.181477
Quercus_rubra,42.527384,-72.182162
Acer_rubrum,42.527225,-72.182039
Fagus_grandifolia,42.52719,-72.182064
Nyssa_sylvatica,42.527173,-72.18202
Acer_rubrum,42.527254,-72.18218
Castanea_dentata,42.528053,-72.181412
Fraxinus_americana,42.528542,-72.181228
Cornus_alternifolia,42.527403,-72.181677
Tsuga_canadensis,42.540655,-72.177156
Tsuga_canadensis,42.540655,-72.177156
Acer_rubrum,42.540643,-72.177308
Tsuga_canadensis,42.54086,-72.177247
Fagus_grandifolia,42.541082,-72.176954
Fagus_grandifolia,42.540965,-72.176814
Castanea_dentata,42.540725,-72.176633
Fagus_grandifolia,42.540831,-72.17687
Fagus_grandifolia,42.540831,-72.17687
Acer_rubrum,42.541129,-72.176843
Fraxinus_americana,42.528764,-72.181406
Fraxinus_americana,42.528774,-72.1814
Ilex_verticillata,42.528759,-72.18155
Acer_rubrum,42.528779,-72.181452
Hamamelis_virginiana,42.529009,-72.181215
Tsuga_canadensis,42.528712,-72.180818
Hamamelis_virginiana,42.528855,-72.180961
Castanea_dentata,42.528714,-72.180782
Acer_pensylvanicum,42.536109,-72.174823
Fraxinus_americana,42.536131,-72.174909
Fagus_grandifolia,42.536016,-72.174877
Acer_pensylvanicum,42.536061,-72.174786
Acer_rubrum,42.535859,-72.175702
Acer_saccharum,42.535919,-72.175728
Nyssa_sylvatica,42.540983,-72.178028
Picea_rubens,42.540798,-72.178353
Nyssa_sylvatica,42.541123,-72.178115
Nyssa_sylvatica,42.540921,-72.177912
Picea_rubens,42.540867,-72.177983
Tsuga_canadensis,42.540969,-72.178055
Fagus_grandifolia,42.540603,-72.176919
Fagus_grandifolia,42.536832,-72.177309
Acer_pensylvanicum,42.536784,-72.177342
Acer_pensylvanicum,42.537099,-72.177218
Castanea_dentata,42.537041,-72.177066
Ostrya_virginiana,42.507818,-72.202242
Ostrya_virginiana,42.50787,-72.202515
Acer_saccharum,42.507754,-72.202245
Hamamelis_virginiana,42.507839,-72.202577
Acer_rubrum,42.511887,-72.212381
Alnus_serrulata,42.511914,-72.212411
Ilex_verticillata,42.512003,-72.212566
Alnus_serrulata,42.512123,-72.213101
Ostrya_virginiana,42.494226,-72.196339
Cornus_alternifolia,42.494232,-72.196422
Ilex_verticillata,42.494232,-72.196336
Cornus_alternifolia,42.494394,-72.196758
Ostrya_virginiana,42.494601,-72.196881
Viburnum_acerifolium,42.494706,-72.197225
Viburnum_acerifolium,42.49462,-72.197643
Viburnum_acerifolium,42.494647,-72.197817
Viburnum_lantanoides,42.53952,-72.17746
Viburnum_lantanoides,42.53952,-72.17746
Viburnum_lantanoides,42.53952,-72.17746
Lyonia_ligustrina,42.52941,-72.18375
Kalmia_latifolia,42.54032,-72.17527
Cornus_canadensis,42.54028,-72.17542
Toxicodendron_vernix,42.54023,-72.17526
Vaccinium_corymbosum,42.54015,-72.17489
Betula_alleghaniensis,42.5404,-72.17393
Lindera_benzoin,42.5404,-72.17393
Ilex_mucronata,42.5397,-72.17387
Viburnum_lantanoides,42.5405,-72.17448
Gaultheria_procumbens,42.5405,-72.17448
Viburnum_prunifolium,42.5405,-72.17448
Frangula_alnus,42.47862,-72.21658
Impatiens_capensis,42.47862,-72.21658
Sambucus_canadensis,42.47862,-72.21658
Corylus_cornuta,42.47296,-72.21441
Aralia_racemosa,42.47731,-72.21325
Carya_ovata,42.47624,-72.21367
Quercus_alba,42.47624,-72.21367
Spiraea_alba,42.47497,-72.21477
Cephalanthus_occidentalis,42.47497,-72.21477
Viburnum_acerifolium,42.47624,-72.21367
Betula_lenta,42.53231,-72.18916
Euonymus_alatus,42.53231,-72.18916
Acer_saccharum,42.53231,-72.18916
Juglans_nigra,42.53231,-72.18916
Fagus_grandifolia,42.53231,-72.18916
Cornus_alternifolia,42.53231,-72.18916
Parthenocissus_quinquefolia,42.53231,-72.18916
Liriodendron_chinense,42.53231,-72.18916
Prunus_serotina,42.53231,-72.18916
Aralia_spinosa,42.53231,-72.18916
Cornus_amomum,42.53231,-72.18916
Acer_rubrum,42.53231,-72.18916
Betula_populifolia,42.52768,-72.18145
Amelanchier_laevis,42.51229,-72.21199
Aronia_melanocarpa,42.51229,-72.21199
Betula_papyrifera,42.527466,-72.181295
Prunus_serotina,42.527603,-72.181522
Quercus_velutina,42.52745,-72.181926
Populus_grandidentata,42.527795,-72.181428
Pinus_strobus,42.52807,-72.181507
Quercus_alba,42.528161,-72.181236
Betula_alleghaniensis,42.528574,-72.181231
Betula_lenta,42.54096,-72.177203
Viburnum_nudum,42.51229,-72.21199
Myrica_gale,42.51229,-72.21199
Rhododendron_canadense,42.51229,-72.21199
Aronia_melanocarpa,42.51229,-72.21199
Chamaedaphne_calyculata,42.51229,-72.21199
Viburnum_nudum,42.51198,-72.2124
Alnus_incana,42.51198,-72.2124
Viburnum_dentatum,42.51198,-72.2124
Tilia_americana,42.51198,-72.2124
Rhododendron_prinophyllum,42.51198,-72.2124
Vaccinium_pallidum,42.51119,-72.20917
Gaylussacia_baccata,42.51119,-72.20917
Pinus_resinosa,42.536802,-72.177295
Ilex_mucronata,42.51119,-72.20917
Lonicera_canadensis,42.49296,-72.18998
Sambucus_racemosa,42.52837,-72.18565
Sassafras_albidum,42.49116,-72.19934
Sorbus_americana,42.5371,-72.17337
Corylus_americana,42.53587,-72.17561
Tilia_cordata,42.51276,-72.18223
Rosa_carolina,42.51142,-72.21025
Aronia_melanocarpa,42.51142,-72.21025
Ulmus_americana,42.535919,-72.175728
Carpinus_caroliniana,42.47036,-72.16239
Carya_ovata,42.53231,-72.18916
