Species_name,Lat,Lon
Quercus_rubra,37.38015771,-80.52180889
Acer_rubrum,37.37977123,-80.52210663
Acer_rubrum,37.37977123,-80.52210663
Magnolia_acuminata,37.38028321,-80.52156255
Magnolia_acuminata,37.38028321,-80.52156255
Nyssa_sylvatica,37.37879525,-80.52246519
Nyssa_sylvatica,37.37879525,-80.52246519
Quercus_alba,37.37985252,-80.52200028
Carya_ovata,37.37137792,-80.52583571
Carya_ovata,37.37137792,-80.52583571
Carya_ovata,37.37137792,-80.52583571
Carya_ovata,37.37137792,-80.52583571
Carya_ovata,37.371474,-80.524257
Carya_ovata,37.371474,-80.524257
Sassafras_albidum,37.377422,-80.522837
Acer_rubrum,37.38040442,-80.52163764
Acer_rubrum,37.38040442,-80.52163764
Acer_pensylvanicum,37.371432,-80.5241
Acer_pensylvanicum,37.371432,-80.5241
Acer_pensylvanicum,37.371432,-80.5241
Carya_ovata,37.3801711,-80.52174722
Carya_ovata,37.3801711,-80.52174722
Castanea_dentata,37.377232,-80.523874
Castanea_dentata,37.377232,-80.523874
Hamamelis_virginiana,37.380375,-80.521556
Hamamelis_virginiana,37.380375,-80.521556
Magnolia_acuminata,37.37188228,-80.52457503
Magnolia_acuminata,37.37188228,-80.52457503
Magnolia_acuminata,37.37188228,-80.52457503
Magnolia_acuminata,37.37188228,-80.52457503
Castanea_dentata,37.375826,-80.5196
Castanea_dentata,37.375826,-80.5196
Hamamelis_virginiana,37.375698,-80.518487
Hamamelis_virginiana,37.375698,-80.518487
Quercus_rubra,37.37624751,-80.51946662
Acer_rubrum,37.37621809,-80.51937543
Robinia_pseudoacacia,37.3716519,-80.52477631
Robinia_pseudoacacia,37.3716519,-80.52477631
Robinia_pseudoacacia,37.3716519,-80.52477631
Hamamelis_virginiana,37.371452,-80.525987
Hamamelis_virginiana,37.371452,-80.525987
Hamamelis_virginiana,37.371452,-80.525987
Castanea_dentata,37.38018,-80.521746
Magnolia_acuminata,37.37992876,-80.52192249
Magnolia_acuminata,37.37992876,-80.52192249
Castanea_dentata,37.379879,-80.521943
Castanea_dentata,37.379879,-80.521943
Acer_pensylvanicum,37.380236,-80.5219
Acer_pensylvanicum,37.380236,-80.5219
Magnolia_acuminata,37.37788528,-80.51788546
Tsuga_canadensis,37.37731142,-80.52376995
Quercus_alba,37.3783765,-80.52264105
Pinus_strobus,37.3773505,-80.52306145
Quercus_rubra,37.37870546,-80.52253553
Pinus_strobus,37.37784251,-80.52234246
Acer_rubrum,37.37794582,-80.52232494
Nyssa_sylvatica,37.3783687,-80.52233581
Nyssa_sylvatica,37.3783687,-80.52233581
Tsuga_canadensis,37.37507527,-80.52700405
Tsuga_canadensis,37.37507527,-80.52700405
Carya_glabra,37.374267,-80.52438767
Carya_glabra,37.374267,-80.52438767
Quercus_montana,37.37773089,-80.51805873
Sassafras_albidum,37.37829613,-80.51796968
Quercus_rubra,37.37814387,-80.51755802
Quercus_alba,37.37811688,-80.51794514
Nyssa_sylvatica,37.37803637,-80.51792169
Nyssa_sylvatica,37.37803637,-80.51792169
Carya_glabra,37.37412267,-80.5260283
Carya_glabra,37.37412267,-80.5260283
Quercus_alba,37.37445838,-80.52614965
Quercus_alba,37.37445838,-80.52614965
Acer_rubrum,37.37424673,-80.52633439
Acer_rubrum,37.37424673,-80.52633439
Castanea_dentata,37.377918,-80.517766
Castanea_dentata,37.377918,-80.517766
Quercus_rubra,37.37426172,-80.52689643
Quercus_rubra,37.37426172,-80.52689643
Acer_rubrum,37.37793444,-80.51795853
Pinus_strobus,37.37505141,-80.52687841
Pinus_strobus,37.37505141,-80.52687841
Tsuga_canadensis,37.3732834,-80.52464816
Tsuga_canadensis,37.37481304,-80.52677039
Tsuga_canadensis,37.37481304,-80.52677039
Tsuga_canadensis,37.37481304,-80.52677039
Tsuga_canadensis,37.37481304,-80.52677039
Nyssa_sylvatica,37.3748327,-80.52662641
Nyssa_sylvatica,37.3748327,-80.52662641
Hamamelis_virginiana,37.377891,-80.517654
Hamamelis_virginiana,37.377891,-80.517654
Robinia_pseudoacacia,37.37325427,-80.52502994
Castanea_dentata,37.375812,-80.519424
Castanea_dentata,37.375812,-80.519424
Robinia_pseudoacacia,37.37530637,-80.52525966
Pinus_strobus,37.37431142,-80.52572959
Pinus_strobus,37.37431142,-80.52572959
Quercus_montana,37.3741566,-80.52595583
Quercus_montana,37.3741566,-80.52595583
Acer_pensylvanicum,37.374685,-80.5257
Hamamelis_virginiana,37.37821,-80.52258
Hamamelis_virginiana,37.37821,-80.52258
Acer_pensylvanicum,37.37563,-80.5186
Carya_glabra,37.37567988,-80.5186282
Carya_glabra,37.37567988,-80.5186282
Magnolia_acuminata,37.37479392,-80.5268957
Magnolia_acuminata,37.37479392,-80.5268957
Magnolia_acuminata,37.37479392,-80.5268957
Magnolia_acuminata,37.37654881,-80.51935564
Acer_pensylvanicum,37.377806,-80.5178
Acer_pensylvanicum,37.377806,-80.5178
Carya_ovata,37.371882,-80.524541
Carya_ovata,37.371882,-80.524541
Carya_ovata,37.371882,-80.524541
Carya_ovata,37.371882,-80.524541
Carya_glabra,37.37377078,-80.52438274
Carya_glabra,37.37377078,-80.52438274
Castanea_dentata,37.3733,-80.52471
Castanea_dentata,37.3733,-80.52471
Tsuga_canadensis,37.37472121,-80.52581889
Tsuga_canadensis,37.37472121,-80.52581889
Tsuga_canadensis,37.37472121,-80.52581889
Tsuga_canadensis,37.37472121,-80.52581889
Acer_saccharum,37.378773,-80.522638
Acer_saccharum,37.37162473,-80.52597433
Quercus_montana,37.38015577,-80.52191118
Robinia_pseudoacacia,37.3782479,-80.5236794
Magnolia_acuminata,37.37340444,-80.52474465
Magnolia_acuminata,37.37340444,-80.52474465
Robinia_pseudoacacia,37.37052776,-80.52588909
Robinia_pseudoacacia,37.37052776,-80.52588909
Robinia_pseudoacacia,37.37052776,-80.52588909
Hamamelis_virginiana,37.37488,-80.5269
Nyssa_sylvatica,37.37664074,-80.52542034
Nyssa_sylvatica,37.37664074,-80.52542034
Nyssa_sylvatica,37.37664074,-80.52542034
Acer_pensylvanicum,37.374285,-80.5257
Castanea_dentata,37.371332,-80.526601
Castanea_dentata,37.371332,-80.526601
Magnolia_acuminata,37.37874498,-80.52261645
Quercus_rubra,37.37679,-80.52529764
Quercus_rubra,37.37679,-80.52529764
Carya_ovata,37.37052257,-80.52557842
Carya_ovata,37.37052257,-80.52557842
Carya_ovata,37.37052257,-80.52557842
Carya_ovata,37.37052257,-80.52557842
Hamamelis_virginiana,37.376677,-80.525393
Pinus_strobus,37.37646519,-80.52529755
Pinus_strobus,37.37646519,-80.52529755
Acer_rubrum,37.37491441,-80.52694093
Acer_rubrum,37.37491441,-80.52694093
Acer_rubrum,37.37491441,-80.52694093
Quercus_rubra,37.37493792,-80.52665349
Quercus_rubra,37.37493792,-80.52665349
Acer_pensylvanicum,37.371179,-80.5264
Acer_pensylvanicum,37.371179,-80.5264
Acer_pensylvanicum,37.371179,-80.5264
Acer_rubrum,37.37118765,-80.52622555
Acer_rubrum,37.37118765,-80.52622555
Acer_rubrum,37.37118765,-80.52622555
Acer_rubrum,37.37118765,-80.52622555
Carya_ovata,37.37106329,-80.52602247
Carya_ovata,37.37106329,-80.52602247
Carya_ovata,37.37106329,-80.52602247
Carya_ovata,37.37106329,-80.52602247
Quercus_rubra,37.37578756,-80.51928706
Acer_pensylvanicum,37.376506,-80.5193
Acer_pensylvanicum,37.376506,-80.5193
Acer_rubrum,37.37581492,-80.51957017
Magnolia_acuminata,37.37582344,-80.51939727
Quercus_rubra,37.37132626,-80.52581643
Quercus_rubra,37.37132626,-80.52581643
Quercus_rubra,37.37132626,-80.52581643
Acer_saccharum,37.37180075,-80.52591897
Quercus_rubra,37.37142393,-80.52428326
Quercus_rubra,37.37142393,-80.52428326
Quercus_rubra,37.37142393,-80.52428326
Acer_rubrum,37.37140225,-80.52416747
Acer_rubrum,37.37140225,-80.52416747
Acer_rubrum,37.37140225,-80.52416747
Acer_rubrum,37.37140225,-80.52416747
Hamamelis_virginiana,37.371331,-80.526185
Hamamelis_virginiana,37.371331,-80.526185
Hamamelis_virginiana,37.371331,-80.526185
Carya_ovata,37.37144795,-80.52571429
Carya_ovata,37.37144795,-80.52571429
Carya_ovata,37.37144795,-80.52571429
Carya_ovata,37.37144795,-80.52571429
Sassafras_albidum,37.37580895,-80.51963836
Magnolia_acuminata,37.37133086,-80.52590619
Magnolia_acuminata,37.37133086,-80.52590619
Magnolia_acuminata,37.37133086,-80.52590619
Magnolia_acuminata,37.37133086,-80.52590619
Magnolia_acuminata,37.37133086,-80.52590619
Quercus_alba,37.37609738,-80.51925382
Rubus_pensilvanicus,37.35925,-80.51839
Aronia_melanocarpa,37.35925,-80.51839
Oclemena_acuminata,37.35925,-80.51839
Rhododendron_maximum,37.37757,-80.52968
Rhododendron_calendulaceum,37.37414,-80.52107
Kalmia_latifolia,37.37414,-80.52107
Gaylussacia_baccata,37.37414,-80.52107
Gaultheria_procumbens,37.37414,-80.52107
Galax_urceolata,37.37414,-80.52107
Amelanchier_laevis,37.36857,-80.51581
Viburnum_prunifolium,37.36797,-80.51385
Ribes_rotundifolium,37.3628,-80.51627
Smilax_rotundifolia,37.36016,-80.51787
Maianthemum_canadense,37.36016,-80.51787
Vaccinium_erythrocarpum,37.35891,-80.51887
Crataegus_macrosperma,37.36081,-80.51978
Sambucus_canadensis,37.37456,-80.52202
Hypericum_densiflorum,37.37456,-80.52202
Quercus_velutina,37.37577,-80.52275
Spiraea_tomentosa,37.37482,-80.52242
Ilex_verticillata,37.37648,-80.52499
Lyonia_ligustrina,37.37648,-80.52499
Osmundastrum_cinnamomeum,37.37648,-80.52499
Vaccinium_fuscatum,37.37983,-80.51768
Sorbus_americana,37.374969,-80.53663
Osmunda_claytoniana,37.374969,-80.53663
Aesculus_flava,37.374969,-80.53663
Viburnum_lantanoides,37.374969,-80.53663
Viburnum_rufidulum,37.374969,-80.53663
Dioscorea_villosa,37.374969,-80.53663
Quercus_ilicifolia,37.374969,-80.53663
Hypericum_perforatum,37.374969,-80.53663
Cornus_alternifolia,37.37564,-80.52296
Fraxinus_americana,37.35754,-80.53689
Fraxinus_americana,37.35754,-80.53689
Menziesia_pilosa,37.35024,-80.53736
Aronia_melanocarpa,37.35024,-80.53736
Prunus_pensylvanica,37.35024,-80.53736
Corylus_cornuta,37.35024,-80.53736
Salix_humulis,37.35024,-80.53736
Prunus_pensylvanica,37.35024,-80.53736
Parthenocissus_quinquefolia,37.35024,-80.53736
Toxicodendron_radicans,37.33612,-80.55873
Juglans_nigra,37.33612,-80.55873
Fraxinus_americana,37.33612,-80.55873
Hydrangea_arborescens,37.33612,-80.55873
Rhus_hirta,37.37921,-80.56751
Liriodendron_tulipifera,37.37921,-80.56751
Alnus_serrulata,37.37921,-80.56751
Clematis_virginiana,37.37921,-80.56751
Fraxinus_americana,37.33612,-80.55873
Tilia_americana,37.33612,-80.55873
Pinus_rigida,37.37566,-80.52526
Gaylussacia_baccata,37.37482,-80.5207
Amelanchier_arborea,37.37566,-80.52526
Vaccinium_pallidum,37.37702,-80.51752
Vaccinium_corymbosum,37.37702,-80.51752
Vaccinium_corymbosum,37.37702,-80.51752
Vaccinium_erythrocarpum,37.37702,-80.51752
Vaccinium_angustifolium,37.37702,-80.51752
Betula_alleghaniensis,37.37808,-80.5178
Prunus_serotina,37.37808,-80.5178
Quercus_coccinea,37.37808,-80.5178
Amelanchier_arborea,37.37626,-80.52015
Prunus_pensylvanica,37.41338,-80.52209
Platanus_occidentalis,37.35907,-80.53492
Betula_lenta,37.37091,-80.5378
