Species_name,Lat,Lon
Chionanthus_virginicus,29.71591,-81.97039
Chionanthus_virginicus,29.71653,-81.97054
Chionanthus_virginicus,29.7195,-81.97165
Castanea_pumila,29.7219,-81.97207
Castanea_pumila,29.69886,-81.96528
Castanea_pumila,29.69886,-81.96528
Castanea_pumila,29.69886,-81.96528
Castanea_pumila,29.72199,-81.97212
Castanea_pumila,29.71981,-81.98739
Cartrema_americana,29.71522,-81.97053
Cartrema_americana,29.71522,-81.97053
Cartrema_americana,29.71522,-81.97053
Chionanthus_virginicus,29.71441,-81.97053
Diospyros_virginiana,29.70470572,-81.99011689
Diospyros_virginiana,29.70470572,-81.99011689
Quercus_laevis,29.70775965,-81.9944008
Cornus_florida,29.67408,-81.96187
Cornus_florida,29.67399,-81.96189
Cornus_florida,29.67374,-81.9617
Cornus_florida,29.6738,-81.96126
Cornus_florida,29.67408,-81.96117
Sassafras_albidum,29.7305,-81.97684
Acer_rubrum,29.70405058,-81.99234844
Nyssa_biflora,29.70433944,-81.99179891
Magnolia_virginiana,29.70438558,-81.99268372
Lyonia_lucida,29.70433,-81.99178
Nyssa_biflora,29.7103,-81.96987
Nyssa_biflora,29.7103,-81.96987
Liquidambar_styraciflua,29.70419057,-81.99228563
Nyssa_biflora,29.69855495,-82.0178123
Lyonia_lucida,29.70433,-81.99178
Acer_rubrum,29.69874,-82.0184
Gordonia_lasianthus,29.69886,-82.01791
Cartrema_americana,29.70324,-82.00758
Cartrema_americana,29.70336,-82.00775
Liquidambar_styraciflua,29.71019723,-81.96902843
Nyssa_biflora,29.71028975,-81.96988521
Nyssa_biflora,29.71028975,-81.96988521
Diospyros_virginiana,29.69760791,-81.99893266
Diospyros_virginiana,29.69760791,-81.99893266
Diospyros_virginiana,29.69760791,-81.99893266
Quercus_laevis,29.69915943,-81.9996649
Diospyros_virginiana,29.71047918,-81.96879548
Diospyros_virginiana,29.71047918,-81.96879548
Diospyros_virginiana,29.71047918,-81.96879548
Lyonia_lucida,29.70997,-81.96843
Diospyros_virginiana,29.69411355,-81.97730027
Diospyros_virginiana,29.69411355,-81.97730027
Diospyros_virginiana,29.69411355,-81.97730027
Diospyros_virginiana,29.70519,-81.99373
Diospyros_virginiana,29.70519,-81.99373
Diospyros_virginiana,29.70519,-81.99373
Carya_glabra,29.70516,-81.99217
Carya_glabra,29.70516,-81.99217
Magnolia_grandiflora,29.70497,-81.99184
Quercus_nigra,29.70419,-81.99103
Quercus_hemisphaerica,29.704,-81.99145
Liquidambar_styraciflua,29.70269555,-82.00735815
Carya_glabra,29.70279264,-82.0073643
Carya_glabra,29.70279264,-82.0073643
Quercus_virginiana,29.70333,-82.00795
Quercus_nigra,29.70330741,-82.00807637
Acer_rubrum,29.70313435,-82.00852511
Nyssa_biflora,29.70242262,-82.00882868
Nyssa_biflora,29.70242262,-82.00882868
Gordonia_lasianthus,29.70284069,-82.00844532
Magnolia_grandiflora,29.70302858,-82.00768137
Nyssa_biflora,29.69896334,-82.01781516
Gordonia_lasianthus,29.69888,-82.01764
Acer_rubrum,29.69685878,-82.02600199
Nyssa_biflora,29.69698041,-82.02568476
Liquidambar_styraciflua,29.69617717,-82.02621835
Quercus_nigra,29.6957666,-82.026066
Quercus_hemisphaerica,29.69591789,-82.02650174
Lyonia_lucida,29.70236,-82.00886
Magnolia_virginiana,29.70256753,-82.00827384
Magnolia_virginiana,29.70260424,-82.00829507
Quercus_virginiana,29.71029649,-81.9683501
Quercus_nigra,29.71029449,-81.96823692
Acer_rubrum,29.69875,-82.01756
Magnolia_virginiana,29.7033012,-82.00913954
Acer_rubrum,29.70326265,-82.00950017
Quercus_nigra,29.70347899,-82.00959546
Carya_glabra,29.70353157,-82.00789287
Liquidambar_styraciflua,29.70266066,-82.00825245
Carya_glabra,29.71574086,-81.97063135
Carya_glabra,29.71574086,-81.97063135
Quercus_hemisphaerica,29.71713415,-81.97063723
Carya_glabra,29.71711427,-81.97080042
Quercus_nigra,29.71703784,-81.97083182
Liquidambar_styraciflua,29.7179413,-81.97157548
Nyssa_biflora,29.71782395,-81.97140985
Nyssa_biflora,29.71782395,-81.97140985
Quercus_nigra,29.71827803,-81.97184471
Magnolia_virginiana,29.71812137,-81.97215753
Magnolia_grandiflora,29.71742851,-81.97275572
Quercus_nigra,29.71673407,-81.97217309
Liquidambar_styraciflua,29.71676193,-81.97221016
Quercus_nigra,29.72169877,-81.97534389
Carya_glabra,29.72166804,-81.97513706
Carya_glabra,29.72166804,-81.97513706
Nyssa_biflora,29.72181684,-81.97565355
Nyssa_biflora,29.72181684,-81.97565355
Carya_glabra,29.72207865,-81.97557534
Carya_glabra,29.72207865,-81.97557534
Quercus_virginiana,29.72209251,-81.97563798
Liquidambar_styraciflua,29.72301004,-81.97370759
Carya_glabra,29.72095982,-81.97509477
Quercus_virginiana,29.7209178,-81.97517073
Pinus_taeda,29.70275355,-82.00840293
Magnolia_grandiflora,29.7027227,-82.00914431
Acer_rubrum,29.70196682,-82.00772798
Magnolia_virginiana,29.70192417,-82.00775846
Magnolia_grandiflora,29.70165614,-82.00793573
Quercus_laevis,29.68664694,-81.9846533
Pinus_palustris,29.68687787,-81.98268622
Pinus_clausa,29.68676577,-81.98232635
Pinus_palustris,29.68632967,-81.98315874
Quercus_laevis,29.68604622,-81.98340882
Pinus_clausa,29.68586573,-82.00636308
Quercus_laevis,29.68532397,-82.00673069
Quercus_geminata,29.68500264,-82.00666527
Pinus_palustris,29.68527334,-82.00715818
Quercus_laevis,29.68539871,-82.00727008
Pinus_palustris,29.69063409,-81.96288367
Quercus_laevis,29.69064111,-81.96313905
Pinus_clausa,29.69001051,-81.96289941
Quercus_geminata,29.68991534,-81.96253294
Quercus_geminata,29.70329167,-81.95621178
Pinus_palustris,29.70331329,-81.95633421
Pinus_taeda,29.69567072,-81.95352678
Pinus_palustris,29.69551024,-81.95410947
Quercus_virginiana,29.69548128,-81.95427437
Quercus_hemisphaerica,29.69553602,-81.95439858
Pinus_taeda,29.69539657,-81.95302326
Lyonia_lucida,29.69519,-81.95411
Magnolia_grandiflora,29.69853769,-81.98356298
Acer_rubrum,29.69898341,-81.98365475
Pinus_taeda,29.69882832,-82.0179044
Quercus_virginiana,29.6980635,-81.99916018
Pinus_taeda,29.70358921,-81.99149722
Pinus_palustris,29.68022909,-81.96274357
Pinus_palustris,29.68078353,-81.96273634
Vaccinium_myrsinites,29.69556,-81.954
Quercus_myrtifolia,29.69556,-81.954
Lyonia_mariana,29.69556,-81.954
Cyrilla_racemiflora,29.7318,-81.97446
Zanthoxylum_clava-herculis,29.7307,-81.97648
Callicarpa_americana,29.7307,-81.97648
Rhus_copallinum,29.7307,-81.97648
Vaccinium_arboreum,29.7307,-81.97648
Sideroxylon_tenax,29.72801,-81.97562
Asimina_angustifolia,29.68588,-81.97422
Asimina_incana,29.68588,-81.97422
Quercus_margarettae,29.68084,-81.96505
Crataegus_michauxii,29.69577,-81.98206
Ilex_glabra,29.69785,-81.9586
Licania_michauxii,29.69785,-81.9586
Ceratiola_ericoides,29.69785,-81.9586
Vaccinium_stamineum,29.69785,-81.9586
Ilex_opaca,29.69785,-81.9586
Quercus_incana,29.69785,-81.9586
Ilex_cassine,29.69785,-81.9586
Lyonia_ferruginea,29.69785,-81.9586
Hypericum_fasciculatum,29.69785,-81.9586
Cephalanthus_occidentalis,29.69785,-81.9586
Morella_cerifera,29.69785,-81.9586
Vitis_rotundifolia,29.69785,-81.9586
Smilax_walteri,29.69785,-81.9586
Garberia_heterophylla,29.69684,-81.9877
Tephrosia_virginiana,29.69684,-81.9877
Stillingia_sylvatica,29.69684,-81.9877
Croton_argyranthemus,29.69684,-81.9877
Sideroxylon_rufohirtum,29.71009,-81.99218
Ilex_,29.67766,-82.01546
Morella_pumila,29.67766,-82.01546
Pluchea_baccharis,29.68927,-82.00581
Amorpha_fruticosa,29.72472,-81.9768
Erythrina_herbacea,29.72472,-81.9768
Bejaria_racemosa,29.72999,-81.97596
Asimina_pygmaea,29.70023,-82.01736
Juniperus_virginiana,29.6993,-82.0197
Ceanothus_microphyllus,29.70032,-82.02925
Rubus_argutus,29.70032,-82.02925
Yucca_filamentosa,29.6953,-82.01853
Bignonia_capreolata,29.6935,-82.01853
Asimina_parviflora,29.6935,-82.01853
Chapmannia_floridana,29.6935,-82.01853
Aralia_spinosa,29.68205,-82.03434
Vitis_cinerea,29.68205,-82.03434
Prunus_umbellata,29.68205,-82.03434
Sabal_palmetto,29.68205,-82.03434
Phoradendron_leucarpum,29.68205,-82.03434
Vaccinium_corymbosum,29.72303,-81.98798
Galactia_elliottii,29.72054,-81.97044
Gaylussacia_dumosa,29.72303,-81.98798
Amorpha_fruticosa,29.71718,-81.989
Eriogonum_tomentosum,29.71271,-81.98735
Toxicodendron_radicans,29.70116,-81.9904
Toxicodendron_pubescens,29.71473,-81.96877
Vaccinium_corymbosum,29.70116,-81.9904
Eubotrys_racemosa,29.69962,-81.99588
Salix_caroliniana,29.69962,-81.99588
Pediomelum_canescens,29.69121,-82.00839
Taxodium_ascendens,29.69121,-82.00839
Smilax_pumila,29.69121,-82.00839
Gelsemium_sempervirens,29.71079,-81.96668
Typha_latifolia,29.71079,-81.96668
Matelea_,29.69121,-82.00839
Parthenocissus_quinquefolia,29.69614,-81.97947
Sabal_etonia,29.68818,-81.97591
