Species_name,Lat,Lon
Acer_saccharum,32.957259,-87.429198
Quercus_alba,32.95641289,-87.42975893
Magnolia_macrophylla,32.95663498,-87.42949621
Magnolia_pyramidata,32.956423,-87.429602
Quercus_falcata,32.95669202,-87.42957844
Acer_rubrum,32.95697653,-87.42939387
Magnolia_virginiana,32.95702935,-87.42938319
Magnolia_virginiana,32.95702935,-87.42938319
Magnolia_virginiana,32.95702935,-87.42938319
Liriodendron_tulipifera,32.95528208,-87.42945365
Cornus_florida,32.957068,-87.429382
Quercus_alba,32.9569279,-87.42928029
Liriodendron_tulipifera,32.95674242,-87.42950559
Magnolia_pyramidata,32.955573,-87.429943
Acer_saccharum,32.95634361,-87.42947573
Magnolia_virginiana,32.956458,-87.429805
Magnolia_virginiana,32.956458,-87.429805
Magnolia_virginiana,32.956458,-87.429805
Magnolia_macrophylla,32.95699486,-87.42923713
Hamamelis_virginiana,32.956988,-87.429384
Castanea_pumila,32.957117,-87.429182
Quercus_nigra,32.9561958,-87.42945914
Fraxinus_pennsylvanica,32.95544507,-87.42927138
Sassafras_albidum,32.95641921,-87.42952446
Liquidambar_styraciflua,32.95638821,-87.42959122
Liquidambar_styraciflua,32.95638821,-87.42959122
Liquidambar_styraciflua,32.95638821,-87.42959122
Acer_rubrum,32.956456,-87.429836
Quercus_nigra,32.95512561,-87.42959049
Sassafras_albidum,32.955086,-87.430427
Quercus_montana,32.95496476,-87.4300591
Magnolia_virginiana,32.96441099,-87.40971255
Magnolia_virginiana,32.96441099,-87.40971255
Magnolia_virginiana,32.96441099,-87.40971255
Carya_glabra,32.96466505,-87.41032834
Nyssa_biflora,32.9640537,-87.40963446
Carya_tomentosa,32.96460082,-87.41015579
Magnolia_virginiana,32.96397809,-87.40959115
Magnolia_virginiana,32.96397809,-87.40959115
Magnolia_virginiana,32.96397809,-87.40959115
Nyssa_biflora,32.9645005,-87.40963807
Diospyros_virginiana,32.9550532,-87.42957745
Liquidambar_styraciflua,32.9552531,-87.4297614
Fraxinus_pennsylvanica,32.95530462,-87.43021572
Acer_floridanum,32.96461631,-87.41005935
Pinus_taeda,32.96454724,-87.41025463
Cornus_florida,32.964637,-87.410059
Acer_rubrum,32.964727,-87.41032
Acer_rubrum,32.964727,-87.41032
Acer_rubrum,32.964727,-87.41032
Acer_rubrum,32.96428372,-87.40860341
Acer_rubrum,32.96428372,-87.40860341
Acer_rubrum,32.96428372,-87.40860341
Carpinus_caroliniana,32.964659,-87.408823
Castanea_dentata,32.965227,-87.408823
Quercus_falcata,32.95499537,-87.43058475
Aesculus_pavia,32.964515,-87.409638
Decumaria_barbara,32.964431,-87.409793
Quercus_montana,32.92618162,-87.41980753
Acer_rubrum,32.96465182,-87.40885944
Acer_rubrum,32.96465182,-87.40885944
Acer_rubrum,32.96465182,-87.40885944
Pinus_echinata,32.92605232,-87.41991957
Nyssa_sylvatica,32.92620677,-87.41965123
Acer_rubrum,32.96459897,-87.40903385
Liquidambar_styraciflua,32.96466836,-87.40895351
Carpinus_caroliniana,32.96426107,-87.40891085
Decumaria_barbara,32.964361,-87.408589
Castanea_dentata,32.926315,-87.419545
Ostrya_virginiana,32.954928,-87.430027
Magnolia_macrophylla,32.95531903,-87.43086299
Diospyros_virginiana,32.95660287,-87.42936806
Magnolia_macrophylla,32.920401,-87.385262
Fraxinus_pennsylvanica,32.926032,-87.419924
Carya_pallida,32.954348,-87.42990289
Quercus_montana,32.95427404,-87.42964753
Sassafras_albidum,32.954299,-87.429666
Quercus_falcata,32.92670961,-87.41993935
Carya_pallida,32.92652784,-87.41964941
Carya_pallida,32.92652784,-87.41964941
Carya_pallida,32.92652784,-87.41964941
Pinus_palustris,32.9267078,-87.41986534
Pinus_taeda,32.92678238,-87.41980298
Carya_glabra,32.92631516,-87.41957848
Cornus_florida,32.92569,-87.419188
Acer_leucoderme,32.92572363,-87.41959663
Liquidambar_styraciflua,32.92579651,-87.41974207
Liquidambar_styraciflua,32.92579651,-87.41974207
Liquidambar_styraciflua,32.92579651,-87.41974207
Liriodendron_tulipifera,32.92591031,-87.41912736
Liriodendron_tulipifera,32.92591031,-87.41912736
Liriodendron_tulipifera,32.92591031,-87.41912736
Magnolia_macrophylla,32.95512003,-87.4300824
Carya_pallida,32.95507059,-87.4304911
Carya_pallida,32.95507059,-87.4304911
Carya_pallida,32.95507059,-87.4304911
Diospyros_virginiana,32.954687,-87.429698
Quercus_alba,32.92643401,-87.41978499
Pinus_taeda,32.95446823,-87.43013534
Carya_pallida,32.92597307,-87.41966625
Acer_saccharum,32.95421,-87.429493
Ostrya_virginiana,32.954931,-87.429424
Quercus_falcata,32.92009527,-87.38653803
Nyssa_sylvatica,32.92005617,-87.38578865
Carya_pallida,32.92000431,-87.38652355
Carya_pallida,32.92000431,-87.38652355
Carya_pallida,32.92000431,-87.38652355
Nyssa_sylvatica,32.919968,-87.38661846
Acer_saccharum,32.919976,-87.386706
Pinus_taeda,32.92000677,-87.38715261
Diospyros_virginiana,32.95628957,-87.42942621
Cornus_florida,32.920208,-87.386451
Quercus_montana,32.92569362,-87.41916311
Acer_saccharum,32.920026,-87.38574
Carya_tomentosa,32.9200172,-87.38701442
Carya_tomentosa,32.9200172,-87.38701442
Carya_tomentosa,32.9200172,-87.38701442
Quercus_montana,32.92008347,-87.38705999
Nyssa_sylvatica,32.9199574,-87.38707454
Liriodendron_tulipifera,32.92023702,-87.38658489
Liriodendron_tulipifera,32.92023702,-87.38658489
Liriodendron_tulipifera,32.92023702,-87.38658489
Liquidambar_styraciflua,32.92002786,-87.38564437
Liquidambar_styraciflua,32.92002786,-87.38564437
Liquidambar_styraciflua,32.92002786,-87.38564437
Quercus_montana,32.92652741,-87.41994712
Liquidambar_styraciflua,32.91618982,-87.43826376
Quercus_alba,32.9162502,-87.4381738
Quercus_alba,32.91606466,-87.43859818
Pinus_echinata,32.92543736,-87.41907975
Pinus_echinata,32.92549713,-87.41885058
Fagus_grandifolia,32.954889,-87.429953
Hamamelis_virginiana,32.956058,-87.430099
Quercus_falcata,32.91590649,-87.43838245
Liquidambar_styraciflua,32.91601027,-87.43852329
Quercus_falcata,32.91970561,-87.38668361
Pinus_palustris,32.954618,-87.430762
Acer_rubrum,32.91537662,-87.43936091
Acer_rubrum,32.9166429,-87.43900558
Liriodendron_tulipifera,32.92547671,-87.41919779
Liriodendron_tulipifera,32.92547671,-87.41919779
Liriodendron_tulipifera,32.92547671,-87.41919779
Quercus_nigra,32.91566167,-87.43872172
Pinus_echinata,32.92583515,-87.4196605
Carya_glabra,32.91474673,-87.4387389
Carya_tomentosa,32.91640808,-87.43844538
Liriodendron_tulipifera,32.91493709,-87.43902258
Fagus_grandifolia,32.964664,-87.409886
Aesculus_pavia,32.955274,-87.4303
Hamamelis_virginiana,32.954778,-87.429655
Nyssa_sylvatica,32.92564538,-87.4192499
Hamamelis_virginiana,32.954886,-87.430581
Pinus_palustris,32.926384,-87.419473
Aesculus_pavia,32.955334,-87.430049
Pinus_echinata,32.926297,-87.420178
Aesculus_pavia,32.919768,-87.386718
Pinus_taeda,32.926297,-87.420178
Pinus_palustris,32.926297,-87.420178
Pinus_palustris,32.926297,-87.420178
Cornus_florida,32.915029,-87.438908
Quercus_nigra,32.91650404,-87.43892194
Liriodendron_tulipifera,32.91647321,-87.43876439
Acer_rubrum,32.91635919,-87.43811339
Quercus_montana,32.91629445,-87.43819329
Illicium_floridanum,32.96249,-87.41544
Stewartia_malacodendron,32.96249,-87.41544
Callicarpa_americana,32.96249,-87.41544
Ilex_opaca,32.96249,-87.41544
Arundinaria_tecta,32.96249,-87.41544
Ditrysinia_fruticosa,32.96249,-87.41544
Tilia_americana,32.96249,-87.41544
Asimina_parviflora,32.96249,-87.41544
Oxydendrum_arboreum,32.96249,-87.41544
Hydrangea_quercifolia,32.96249,-87.41544
Sambucus_canadensis,32.96249,-87.41544
Morus_alba,32.96336,-87.42036
Aralia_spinosa,32.96336,-87.42036
Yucca_flaccida,32.96336,-87.42036
Populus_,32.96336,-87.42036
Styrax_grandifolius,32.96524,-87.40865
Kalmia_latifolia,32.96524,-87.40865
Baptisia_megacarpa,32.96524,-87.40865
Carpinus_caroliniana,32.96905,-87.3979
Itea_virginica,32.96905,-87.3979
Xanthorhiza_simplicissima,32.96905,-87.3979
Euonymus_americanus,32.96905,-87.3979
Alnus_serrulata,32.96905,-87.3979
Viburnum_scabrellum,32.96845,-87.39186
Baccharis_halimifolia,32.96845,-87.39186
Platanus_occidentalis,32.96845,-87.39186
Cornus_foemina,32.96885,-87.38303
Magnolia_tripetala,32.95108,-87.37658
Cercis_canadensis,32.89059,-87.444
Rhododendron_canescens,32.89059,-87.444
Ilex_vomitorea,32.89059,-87.444
Dioscorea_villosa,32.89059,-87.444
Viburnum_cassinoides,32.89059,-87.444
Lespedeza_cuneata,32.89059,-87.444
Smilax_walteri,32.89059,-87.444
Vaccinium_,32.89059,-87.444
Amorpha_fruticosa,32.89059,-87.444
Ilex_decidua,32.89059,-87.444
Taxodium_distichum,32.89059,-87.444
Morella_cerifera,32.89059,-87.444
Quercus_marilandica,32.89059,-87.444
Rhus_copallinum,32.89059,-87.444
Campsis_radicans,32.89059,-87.444
Nyssa_sylvatica,32.89059,-87.444
Cephalanthus_occidentalis,32.89059,-87.444
Hibiscus_moscheutos,32.89059,-87.444
Typha_latifoila,32.89059,-87.444
Vitis_vulpina,32.89059,-87.444
Vitis_cinerea,32.89059,-87.444
Quercus_stellata,32.89059,-87.444
Vitis_vulpina,32.89059,-87.444
Juglans_nigra,32.89059,-87.444
Rubus_trivialis,32.89059,-87.444
Betula_nigra,32.89059,-87.444
Rhus_glabra,32.89059,-87.444
Symplocos_tinctoria,32.89059,-87.444
Parthenocissus_quinquefolia,32.89059,-87.444
Toxicodendron_radicans,32.89059,-87.444
Toxicodendron_pubescens,32.89059,-87.444
Lespedeza_bicolor,32.89059,-87.444
Eupatorium_rotundifolium,32.89059,-87.444
Nyssa_biflora,32.89059,-87.444
Pteridium_aquilinum,32.89059,-87.444
Tradescantia_ohioensis,32.89059,-87.444
Osmundastrum_cinnamomeum,32.89059,-87.444
Verbena_brasiliensis,32.89059,-87.444
Quercus_laurifolia,32.89059,-87.444
Verbascum_thapsus,32.89059,-87.444
Helianthus_resinosus,32.89059,-87.444
Onoclea_sensibilis,32.89059,-87.444
Smilax_laurifolia,32.89059,-87.444
Rosa_bracteata,32.89059,-87.444
Celtis_laevigata,32.89059,-87.444
Stylisma_humistrata,32.89059,-87.444
Ipomoea_pandurata,32.89059,-87.444
Pueraria_montana,32.89059,-87.444
Elaeagnus_umbellata,32.89059,-87.444
Eutrochium_fistulosum,32.89059,-87.444
Berchemia_scandens,32.89059,-87.444
Phytolacca_americana,32.89059,-87.444
Dichanthelium_,32.89059,-87.444
Pycnanthemum_incanum,32.89059,-87.444
Prenanthes_,32.89059,-87.444
Morus_rubra,32.89059,-87.444
Ligustrum_sinense,32.89059,-87.444
